CREATE TABLE DONOR2
    (DID INT ,
     NAMES VARCHAR(30) ,
     SEX VARCHAR(30),
	 AGE INT,
     Addresss VARCHAR(30),
	 PHNO INT , 
	 PRIMARY KEY(DID));

CREATE TABLE BLOOD3(BLOODTYPE  VARCHAR(30),
	COST INT ,
     CODE INT UNIQUE NOT NULL,
	 b_DID INT,
	 PRIMARY KEY(BLOODTYPE, CODE),
	 FOREIGN KEY(b_DID) REFERENCES DONOR2(DID));

	
	CREATE TABLE BLOODBANK3
    (BNO INT UNIQUE NOT NULL,
     BB_BLOODTYPE VARCHAR(30),
     ORDERS VARCHAR(30),
	 ISSUES VARCHAR(30),
	 B_CODE INT,
	 PRIMARY KEY (BNO,BB_BLOODTYPE),
	 foreign key (B_CODE) references BLOOD3 (CODE)ON DELETE CASCADE);




CREATE TABLE RECEPTIONIST3
    (EMP_ID INT ,
     NAME VARCHAR(30) ,
     Addresss VARCHAR(30),
	 PHNO INT , 
	 BNO INT,
	 DID INT,
	 PRIMARY KEY(EMP_ID),
	 FOREIGN KEY (DID) REFERENCES DONOR2(DID));

	CREATE TABLE HOSPITAL3
    (NAMES VARCHAR(30) ,
     ADDRESS VARCHAR(30),
	 PHNO INT , 
	 BLOODTYPE  VARCHAR(30),
	 h_BNO INT UNIQUE NOT NULL,
	 PRIMARY KEY (NAMES,PHNO),
	 foreign key(h_BNO) REFERENCES BLOODBANK3(BNO) ON DELETE CASCADE);
 


CREATE TABLE BLOODBANK_MANAGER3
    (EMP_ID INT ,
     NAMES VARCHAR(30),
     EMAIL_ID VARCHAR(30),
	 PHNO INT , 
	 M_BNO INT UNIQUE NOT NULL,
	 PRIMARY KEY (NAMES,M_BNO),
	foreign key(M_bno) references bloodbank3(bno)on delete cascade);
	
SELECT * FROM BLOODBANK_MANAGER3;

INSERT INTO DONOR2 VALUES (201, 'JOSE',    'M',  '25',   'Melborne',   777889999);
INSERT INTO DONOR2 VALUES (202, 'DHEERAJ', 'M',  '28',   'JAIPUR',     777234998);
INSERT INTO DONOR2 VALUES (203, 'RAM',     'M',  '23',   'Naple',      987605431);
INSERT INTO DONOR2 VALUES (204, 'SARA',    'F',  '26',   'BANGLORE',   888559787);
INSERT INTO DONOR2 VALUES (205, 'ZARA',    'F',  '21',   'Paris',      847659767);
INSERT INTO DONOR2 VALUES (206, 'LARA',    'F',  '29',   'UDUPI',      889059777);
INSERT INTO DONOR2 VALUES (207, 'MANUEL',  'M',  '32',   'MANGLORE',   988555977);
INSERT INTO DONOR2 VALUES (208, 'ZAIN ',   'M',  '31',   'DUBAI',      895559777);


SELECT * FROM DONOR2;

INSERT INTO BLOOD3 VALUES ('A+', 1000, 401, 201);
INSERT INTO BLOOD3 VALUES ('A-', 2000, 402,202);
INSERT INTO BLOOD3 VALUES ('AB+', 2500, 403,203);
INSERT INTO BLOOD3 VALUES ('AB-', 3000, 404,204);
INSERT INTO BLOOD3 VALUES ('O+', 3500, 405,205);
INSERT INTO BLOOD3 VALUES ('O-', 4000, 406,206);
INSERT INTO BLOOD3 VALUES ('B+', 4500, 407,207);
INSERT INTO BLOOD3 VALUES ('B-', 5000, 408, 208);


SELECT * FROM BLOOD3;

INSERT INTO BLOODBANK3 VALUES (601, 'A+', '701', '801',  401);
INSERT INTO BLOODBANK3 VALUES (602, 'A-', '702', '802',  402);
INSERT INTO BLOODBANK3 VALUES (603, 'AB+', '703', '803', 403);
INSERT INTO BLOODBANK3 VALUES (604, 'AB-', '704', '804',404);
INSERT INTO BLOODBANK3 VALUES (605, 'O+', '705', '805',  405);
INSERT INTO BLOODBANK3 VALUES (606, 'O-', '706', '806', 406);
INSERT INTO BLOODBANK3 VALUES (607, 'B+', '707', '807', 407);
INSERT INTO BLOODBANK3 VALUES (608, 'B-', '708', '808', 408);

SELECT * FROM BLOODBANK3;


INSERT INTO RECEPTIONIST3 VALUES (101, 'LEKHANA', 'AMERICA',   982565401, 601, 201);
INSERT INTO RECEPTIONIST3 VALUES (102,  'ANUJ', 'DELHI',       985625402, 602, 202);
INSERT INTO RECEPTIONIST3 VALUES (103, 'ANVITHA', 'CUBA',      982562503, 603, 203);
INSERT INTO RECEPTIONIST3 VALUES (104, 'DISHA', 'SYDNEY',      982565404, 604, 204);
INSERT INTO RECEPTIONIST3 VALUES (105, 'AKASH', 'EUROPE',      982562545, 605, 205);
INSERT INTO RECEPTIONIST3 VALUES (106, 'AJAY', 'AJEKAR',       825654068, 606, 206);
INSERT INTO RECEPTIONIST3 VALUES (107, 'ABHAY', 'SANTHEKATTE', 982562407, 607, 207);
INSERT INTO RECEPTIONIST3 VALUES (108, 'ABHI', 'CHITRADURGA',  982562578, 608, 208);


SELECT * FROM RECEPTIONIST3;

INSERT INTO HOSPITAL3 VALUES ('ADARSH',       'CALCUTTA', 987654321, 'A+' ,601);
INSERT INTO HOSPITAL3 VALUES ('AJ',           'GOA',      987654322, 'A-',608);
INSERT INTO HOSPITAL3 VALUES ('HITECH',       'MIRZAPUR', 987654323, 'AB+',602);
INSERT INTO HOSPITAL3 VALUES ('NEW CITY',     'MANIPUR',  987654324, 'AB-',603);
INSERT INTO HOSPITAL3 VALUES ('APOLLO',       'MAHE',     987654325, 'O+',604);
INSERT INTO HOSPITAL3 VALUES ('KMC',          'MYFAIR',   987654326, 'O-',606);
INSERT INTO HOSPITAL3 VALUES ('AB SHETTY',    'FINLAND',  987654327, 'B+',605);
INSERT INTO HOSPITAL3 VALUES ('SUNAG',        'IRELAND',  987654328, 'B-',607);


SELECT * FROM HOSPITAL3;



INSERT INTO BLOODBANK_MANAGER3 VALUES (101, 'GEETHA', 'ABC@GMAIL.COM',  912345678, 601);
INSERT INTO BLOODBANK_MANAGER3 VALUES (102, 'SEETHA', 'DEF@GMAIL.COM',  912345677, 602);
INSERT INTO BLOODBANK_MANAGER3 VALUES (103, 'NEETHA', 'GHI@GMAIL.COM',  912345676, 603);
INSERT INTO BLOODBANK_MANAGER3 VALUES (104, 'NIKITHA', 'JKL@GMAIL.COM', 912345675, 604);
INSERT INTO BLOODBANK_MANAGER3 VALUES (105, 'NAYANA', 'FGH@GMAIL.COM',  912345674, 605);
INSERT INTO BLOODBANK_MANAGER3 VALUES (106, 'AISHA', 'HIJ@GMAIL.COM',   912345673, 606);
INSERT INTO BLOODBANK_MANAGER3 VALUES (107, 'AKIRA', 'KLM@GMAIL.COM',   912345673, 607);
INSERT INTO BLOODBANK_MANAGER3 VALUES (108, 'GURU', 'NOP@GMAIL.COM',    912345672, 608);


SELECT *FROM BLOODBANK_MANAGER3;

alter table receptionist3 add foreign key(bno) references bloodbank3(bno) on delete cascade; 
